<?xml version="1.0" encoding="utf-8" standalone="yes" ?>
<rss version="2.0" xmlns:atom="http://www.w3.org/2005/Atom">
  <channel>
    <title>ml on Sherrie Wang</title>
    <link>https://sherriewang.github.io/tags/ml/</link>
    <description>Recent content in ml on Sherrie Wang</description>
    <generator>Hugo -- gohugo.io</generator>
    <language>en-us</language>
    <lastBuildDate>Tue, 12 May 2020 16:11:56 -0700</lastBuildDate>
    
	<atom:link href="https://sherriewang.github.io/tags/ml/index.xml" rel="self" type="application/rss+xml" />
    
    
    <item>
      <title>5 Best Ways To Sell ML</title>
      <link>https://sherriewang.github.io/blog/blog3/</link>
      <pubDate>Tue, 12 May 2020 16:11:56 -0700</pubDate>
      
      <guid>https://sherriewang.github.io/blog/blog3/</guid>
      <description>Pellentesque dapibus nec velit sit amet venenatis. Nam mauris elit, feugiat vitae massa a, scelerisque pretium justo. Aliquam eu quam suscipit, gravida dolor auctor, porttitor risus. Integer at dui blandit, scelerisque nunc vel, gravida neque. Vivamus at nisi lacinia, bibendum ipsum a, dignissim nibh. Ut urna eros, consequat ut tristique id, egestas non lectus. Cras placerat condimentum orci, et cursus tortor tempus in. Aenean sodales leo sed scelerisque molestie. Duis tempus lectus sed velit fermentum, quis auctor dolor mattis.</description>
    </item>
    
    <item>
      <title>7 Ways To Keep Your ML Growing Without Burning The Midnight Oil</title>
      <link>https://sherriewang.github.io/blog/blog2/</link>
      <pubDate>Fri, 07 Jun 2019 16:04:19 -0700</pubDate>
      
      <guid>https://sherriewang.github.io/blog/blog2/</guid>
      <description>Nulla fermentum blandit metus sit amet congue. Nunc hendrerit eleifend magna, quis posuere nulla eleifend eget. Pellentesque quis nulla eu massa facilisis sodales in quis urna. Vestibulum aliquam metus id risus volutpat iaculis. Sed malesuada nunc cursus risus consectetur suscipit. Quisque sit amet leo mattis, sagittis purus eu, tristique sapien. Vestibulum gravida dictum aliquam. Etiam magna neque, tempus et aliquet sed, sollicitudin sed tellus. Sed euismod, lorem eget aliquet ultrices, nisl eros hendrerit nunc, in gravida augue leo id diam.</description>
    </item>
    
    <item>
      <title>Secrets To ML – Even In This Down Economy</title>
      <link>https://sherriewang.github.io/blog/blog1/</link>
      <pubDate>Fri, 18 May 2018 00:00:00 +0000</pubDate>
      
      <guid>https://sherriewang.github.io/blog/blog1/</guid>
      <description>Nulla fermentum blandit metus sit amet congue. Nunc hendrerit eleifend magna, quis posuere nulla eleifend eget. Pellentesque quis nulla eu massa facilisis sodales in quis urna. Vestibulum aliquam metus id risus volutpat iaculis. Sed malesuada nunc cursus risus consectetur suscipit. Quisque sit amet leo mattis, sagittis purus eu, tristique sapien. Vestibulum gravida dictum aliquam. Etiam magna neque, tempus et aliquet sed, sollicitudin sed tellus. Sed euismod, lorem eget aliquet ultrices, nisl eros hendrerit nunc, in gravida augue leo id diam.</description>
    </item>
    
  </channel>
</rss>