<?xml version="1.0" encoding="utf-8" standalone="yes" ?>
<rss version="2.0" xmlns:atom="http://www.w3.org/2005/Atom">
  <channel>
    <title>Tags on Sherrie Wang</title>
    <link>https://sherriewang.github.io/tags/</link>
    <description>Recent content in Tags on Sherrie Wang</description>
    <generator>Hugo -- gohugo.io</generator>
    <language>en-us</language>
    <lastBuildDate>Mon, 11 Jan 2021 16:12:29 -0700</lastBuildDate>
    
	<atom:link href="https://sherriewang.github.io/tags/index.xml" rel="self" type="application/rss+xml" />
    
    
    <item>
      <title>ai</title>
      <link>https://sherriewang.github.io/tags/ai/</link>
      <pubDate>Mon, 11 Jan 2021 16:12:29 -0700</pubDate>
      
      <guid>https://sherriewang.github.io/tags/ai/</guid>
      <description></description>
    </item>
    
    <item>
      <title>deep_learning</title>
      <link>https://sherriewang.github.io/tags/deep_learning/</link>
      <pubDate>Mon, 11 Jan 2021 16:12:29 -0700</pubDate>
      
      <guid>https://sherriewang.github.io/tags/deep_learning/</guid>
      <description></description>
    </item>
    
    <item>
      <title>neural_networks</title>
      <link>https://sherriewang.github.io/tags/neural_networks/</link>
      <pubDate>Mon, 11 Jan 2021 16:12:29 -0700</pubDate>
      
      <guid>https://sherriewang.github.io/tags/neural_networks/</guid>
      <description></description>
    </item>
    
    <item>
      <title>ml</title>
      <link>https://sherriewang.github.io/tags/ml/</link>
      <pubDate>Tue, 12 May 2020 16:11:56 -0700</pubDate>
      
      <guid>https://sherriewang.github.io/tags/ml/</guid>
      <description></description>
    </item>
    
    <item>
      <title>startups</title>
      <link>https://sherriewang.github.io/tags/startups/</link>
      <pubDate>Tue, 12 May 2020 16:11:56 -0700</pubDate>
      
      <guid>https://sherriewang.github.io/tags/startups/</guid>
      <description></description>
    </item>
    
    <item>
      <title>deep-learning</title>
      <link>https://sherriewang.github.io/tags/deep-learning/</link>
      <pubDate>Fri, 07 Jun 2019 16:04:19 -0700</pubDate>
      
      <guid>https://sherriewang.github.io/tags/deep-learning/</guid>
      <description></description>
    </item>
    
    <item>
      <title>machine-learning</title>
      <link>https://sherriewang.github.io/tags/machine-learning/</link>
      <pubDate>Fri, 07 Jun 2019 16:04:19 -0700</pubDate>
      
      <guid>https://sherriewang.github.io/tags/machine-learning/</guid>
      <description></description>
    </item>
    
    <item>
      <title>economy</title>
      <link>https://sherriewang.github.io/tags/economy/</link>
      <pubDate>Fri, 18 May 2018 00:00:00 +0000</pubDate>
      
      <guid>https://sherriewang.github.io/tags/economy/</guid>
      <description></description>
    </item>
    
  </channel>
</rss>